{
 "Blockchain": [
  {
   "index": 3,
   "data": {
    "confirmed": "True",
    "timestamp": "2022-03-30 16:59:10.203180",
    "proof": 45293,
    "previous_hash": "5e6ad0061d81589be46330aac38839e6d9ccdbb93a69b15cb4e795b0c7b06682",
    "transactions": [
     {
      "HASH": "f40b35ce20b924ce6cfc055d6211c390b5b3010c14e523199a3d0ab49dc78c8c",
      "txdata": {
       "FROM": "launch",
       "TO": "1PJt5vUjLjCZShavTf531vpCAp1zTP7W65",
       "AMOUNT": 10000000,
       "Signing": "launch"
      }
     }
    ]
   }
  },
  {
   "index": 2,
   "data": {
    "confirmed": "True",
    "timestamp": "2022-03-30 17:39:00.261888",
    "proof": 533,
    "previous_hash": "147d30d7969343be562794dcb515ff04e3310968f79615a59beebd03004098d3",
    "transactions": [
     {
      "HASH": "c8c2e474e2f992f80b9f4cd762a6a12a4ab4ef0a0bf2d58b941556e9df1033d3",
      "txdata": {
       "FROM": "1PJt5vUjLjCZShavTf531vpCAp1zTP7W65",
       "TO": "12PfngNd2j5dypqUJqF5oQvf6FM6Tau2sF",
       "AMOUNT": "1",
       "Signing": {
        "Public Key": "03a103bd65b4789ad3e5a31569965d358ee8e85d7d85f8efe1366ea9cd5da90daf",
        "Address": "1PJt5vUjLjCZShavTf531vpCAp1zTP7W65"
       }
      }
     },
     {
      "HASH": "1632addf3e8f987d34c2499c61148d775fd9a22359cb0028574d9b393b534eee",
      "txdata": {
       "Time Sent": "2022-03-30 17:38:52.588728",
       "FROM": "1PJt5vUjLjCZShavTf531vpCAp1zTP7W65",
       "TO": "MINER REWARDS",
       "AMOUNT": 0.01,
       "Signing": {
        "Public Key": "03a103bd65b4789ad3e5a31569965d358ee8e85d7d85f8efe1366ea9cd5da90daf",
        "Address": "1PJt5vUjLjCZShavTf531vpCAp1zTP7W65"
       }
      }
     }
    ]
   }
  },
  {
   "index": 2,
   "data": {
    "confirmed": "True",
    "timestamp": "2022-03-30 19:47:19.043909",
    "proof": 533,
    "previous_hash": "75749d0681e3dfd248e7ffef138d14165ee504eb43061ff78bb576823fd05a40",
    "transactions": [
     {
      "HASH": "a17b16bc17b39efbc92def264a02a7c05c107f0200e2edf8d18e191d75df9af2",
      "txdata": {
       "FROM": "12PfngNd2j5dypqUJqF5oQvf6FM6Tau2sF",
       "TO": "1PJt5vUjLjCZShavTf531vpCAp1zTP7W65",
       "AMOUNT": "0.5",
       "Signing": {
        "Public Key": "03d7482bd6f5a18bfc7e3633f820b537c8cc77ece2738036e57c0547a3e5be508b",
        "Address": "12PfngNd2j5dypqUJqF5oQvf6FM6Tau2sF"
       }
      }
     }
    ]
   }
  },
  {
   "index": 2,
   "data": {
    "confirmed": "True",
    "timestamp": "2022-03-30 23:21:12.578328",
    "proof": 533,
    "previous_hash": "fd2fe4d8f89f52db8d67a7c89776e3a3bfcb29af3772aa45cef8916c9ad89e37",
    "transactions": [
     {
      "HASH": "2d669bb66983f8ebdd788fe16aea970437ced7d35129597fcd4889d7939a2798",
      "txdata": {
       "FROM": "1PJt5vUjLjCZShavTf531vpCAp1zTP7W65",
       "TO": "1LSEBeRiTCVNJ4CHwCNNywGT8SJvykN6Nw",
       "AMOUNT": "1",
       "Signing": {
        "Public Key": "03a103bd65b4789ad3e5a31569965d358ee8e85d7d85f8efe1366ea9cd5da90daf",
        "Address": "1PJt5vUjLjCZShavTf531vpCAp1zTP7W65"
       }
      }
     },
     {
      "HASH": "1632addf3e8f987d34c2499c61148d775fd9a22359cb0028574d9b393b534eee",
      "txdata": {
       "Time Sent": "2022-03-30 23:18:41.555627",
       "FROM": "1PJt5vUjLjCZShavTf531vpCAp1zTP7W65",
       "TO": "MINER REWARDS",
       "AMOUNT": 0.01,
       "Signing": {
        "Public Key": "03a103bd65b4789ad3e5a31569965d358ee8e85d7d85f8efe1366ea9cd5da90daf",
        "Address": "1PJt5vUjLjCZShavTf531vpCAp1zTP7W65"
       }
      }
     },
     {
      "HASH": "2d669bb66983f8ebdd788fe16aea970437ced7d35129597fcd4889d7939a2798",
      "txdata": {
       "FROM": "1PJt5vUjLjCZShavTf531vpCAp1zTP7W65",
       "TO": "1LSEBeRiTCVNJ4CHwCNNywGT8SJvykN6Nw",
       "AMOUNT": "1",
       "Signing": {
        "Public Key": "03a103bd65b4789ad3e5a31569965d358ee8e85d7d85f8efe1366ea9cd5da90daf",
        "Address": "1PJt5vUjLjCZShavTf531vpCAp1zTP7W65"
       }
      }
     },
     {
      "HASH": "1632addf3e8f987d34c2499c61148d775fd9a22359cb0028574d9b393b534eee",
      "txdata": {
       "Time Sent": "2022-03-30 23:18:47.057341",
       "FROM": "1PJt5vUjLjCZShavTf531vpCAp1zTP7W65",
       "TO": "MINER REWARDS",
       "AMOUNT": 0.01,
       "Signing": {
        "Public Key": "03a103bd65b4789ad3e5a31569965d358ee8e85d7d85f8efe1366ea9cd5da90daf",
        "Address": "1PJt5vUjLjCZShavTf531vpCAp1zTP7W65"
       }
      }
     },
     {
      "HASH": "2d669bb66983f8ebdd788fe16aea970437ced7d35129597fcd4889d7939a2798",
      "txdata": {
       "FROM": "1PJt5vUjLjCZShavTf531vpCAp1zTP7W65",
       "TO": "1LSEBeRiTCVNJ4CHwCNNywGT8SJvykN6Nw",
       "AMOUNT": "1",
       "Signing": {
        "Public Key": "03a103bd65b4789ad3e5a31569965d358ee8e85d7d85f8efe1366ea9cd5da90daf",
        "Address": "1PJt5vUjLjCZShavTf531vpCAp1zTP7W65"
       }
      }
     },
     {
      "HASH": "1632addf3e8f987d34c2499c61148d775fd9a22359cb0028574d9b393b534eee",
      "txdata": {
       "Time Sent": "2022-03-30 23:18:59.771734",
       "FROM": "1PJt5vUjLjCZShavTf531vpCAp1zTP7W65",
       "TO": "MINER REWARDS",
       "AMOUNT": 0.01,
       "Signing": {
        "Public Key": "03a103bd65b4789ad3e5a31569965d358ee8e85d7d85f8efe1366ea9cd5da90daf",
        "Address": "1PJt5vUjLjCZShavTf531vpCAp1zTP7W65"
       }
      }
     }
    ]
   }
  },
  {
   "index": 2,
   "data": {
    "confirmed": "True",
    "timestamp": "2022-03-30 23:49:16.297939",
    "proof": 533,
    "previous_hash": "a364886d70cc954fb0fdbb0e4f927ecc07fbd529d70a0bd9185679ec49da14e7",
    "transactions": [
     {
      "HASH": "7e4f5ab1a2f8761f2be61ae8831f21e98981fd63d90eaa1eebcc0ad6eb5c5e16",
      "txdata": {
       "FROM": "1PJt5vUjLjCZShavTf531vpCAp1zTP7W65",
       "TO": "16rPpTocgSzpankorBYgpkvRvKJwxTW6bW",
       "AMOUNT": "1",
       "Signing": {
        "Public Key": "03a103bd65b4789ad3e5a31569965d358ee8e85d7d85f8efe1366ea9cd5da90daf",
        "Address": "1PJt5vUjLjCZShavTf531vpCAp1zTP7W65"
       }
      }
     },
     {
      "HASH": "1632addf3e8f987d34c2499c61148d775fd9a22359cb0028574d9b393b534eee",
      "txdata": {
       "Time Sent": "2022-03-30 23:42:39.393037",
       "FROM": "1PJt5vUjLjCZShavTf531vpCAp1zTP7W65",
       "TO": "MINER REWARDS",
       "AMOUNT": 0.01,
       "Signing": {
        "Public Key": "03a103bd65b4789ad3e5a31569965d358ee8e85d7d85f8efe1366ea9cd5da90daf",
        "Address": "1PJt5vUjLjCZShavTf531vpCAp1zTP7W65"
       }
      }
     },
     {
      "HASH": "7e4f5ab1a2f8761f2be61ae8831f21e98981fd63d90eaa1eebcc0ad6eb5c5e16",
      "txdata": {
       "FROM": "1PJt5vUjLjCZShavTf531vpCAp1zTP7W65",
       "TO": "16rPpTocgSzpankorBYgpkvRvKJwxTW6bW",
       "AMOUNT": "1",
       "Signing": {
        "Public Key": "03a103bd65b4789ad3e5a31569965d358ee8e85d7d85f8efe1366ea9cd5da90daf",
        "Address": "1PJt5vUjLjCZShavTf531vpCAp1zTP7W65"
       }
      }
     },
     {
      "HASH": "1632addf3e8f987d34c2499c61148d775fd9a22359cb0028574d9b393b534eee",
      "txdata": {
       "Time Sent": "2022-03-30 23:42:46.232586",
       "FROM": "1PJt5vUjLjCZShavTf531vpCAp1zTP7W65",
       "TO": "MINER REWARDS",
       "AMOUNT": 0.01,
       "Signing": {
        "Public Key": "03a103bd65b4789ad3e5a31569965d358ee8e85d7d85f8efe1366ea9cd5da90daf",
        "Address": "1PJt5vUjLjCZShavTf531vpCAp1zTP7W65"
       }
      }
     }
    ]
   }
  }
 ]
}